,contractSymbol,lastTradeDate,strike,lastPrice,bid,ask,change,percentChange,volume,openInterest,impliedVolatility,inTheMoney,contractSize,currency
0,AAPL261218P00100000,2024-03-22 18:52:48+00:00,100.0,2.75,0.0,0.0,0.0,0.0,7,,0.062509375,False,REGULAR,USD
1,AAPL261218P00120000,2024-03-22 14:12:55+00:00,120.0,6.0,0.0,0.0,0.0,0.0,22,,0.062509375,False,REGULAR,USD
2,AAPL261218P00150000,2024-03-22 14:52:08+00:00,150.0,12.5,0.0,0.0,0.0,0.0,7,,0.015634843750000002,False,REGULAR,USD
3,AAPL261218P00160000,2024-03-22 19:26:39+00:00,160.0,15.6,0.0,0.0,0.0,0.0,11,,0.007822421875,False,REGULAR,USD
4,AAPL261218P00170000,2024-03-22 19:01:41+00:00,170.0,18.85,0.0,0.0,0.0,0.0,4,,0.00196310546875,False,REGULAR,USD
5,AAPL261218P00200000,2024-03-22 14:08:10+00:00,200.0,35.53,0.0,0.0,0.0,0.0,5,,1.0000000000000003e-05,True,REGULAR,USD
