{
    "address1": "170 West Tasman Drive",
    "city": "San Jose",
    "state": "CA",
    "zip": "95134-1706",
    "country": "United States",
    "phone": "(408) 526-4000",
    "fax": "(408) 853-3683",
    "website": "https://www.cisco.com",
    "industry": "Communication Equipment",
    "industryKey": "communication-equipment",
    "industryDisp": "Communication Equipment",
    "sector": "Technology",
    "sectorKey": "technology",
    "sectorDisp": "Technology",
    "longBusinessSummary": "Cisco Systems, Inc. designs, manufactures, and sells Internet Protocol based networking and other products related to the communications and information technology industry in the Americas, Europe, the Middle East, Africa, the Asia Pacific, Japan, and China. The company also offers switching portfolio encompasses campus switching as well as data center switching; enterprise routing portfolio interconnects public and private wireline and mobile networks, delivering highly secure, and reliable connectivity to campus, data center and branch networks; wireless products include wireless access points and controllers; and compute portfolio including the cisco unified computing system, hyperflex, and software management capabilities, which combine computing, networking, and storage infrastructure management and virtualization. In addition, it provides Internet for the future product consists of routed optical networking, 5G, silicon, and optics solutions; collaboration products, such as meetings, collaboration devices, calling, contact center, and communication platform as a service; end-to-end security product consists of network security, cloud security, security endpoints, unified threat management, and zero trust; and optimized application experiences products including full stack observability and network assurance. Further, the company offers a range of service and support options for its customers, including technical support and advanced services and advisory services. It serves businesses of various sizes, public institutions, governments, and service providers. The company sells its products and services directly, as well as through systems integrators, service providers, other resellers, and distributors. Cisco Systems, Inc. has strategic alliances with other companies. Cisco Systems, Inc. was incorporated in 1984 and is headquartered in San Jose, California.",
    "fullTimeEmployees": 84900,
    "companyOfficers": [
        {
            "maxAge": 1,
            "name": "Mr. Charles H. Robbins",
            "age": 57,
            "title": "Chairman & CEO",
            "yearBorn": 1966,
            "fiscalYear": 2023,
            "totalPay": 7734729,
            "exercisedValue": 0,
            "unexercisedValue": 0
        },
        {
            "maxAge": 1,
            "name": "Mr. Richard Scott Herren",
            "age": 61,
            "title": "Executive VP & CFO",
            "yearBorn": 1962,
            "fiscalYear": 2023,
            "totalPay": 3347153,
            "exercisedValue": 0,
            "unexercisedValue": 0
        },
        {
            "maxAge": 1,
            "name": "Ms. M. Victoria Wong",
            "age": 56,
            "title": "Senior VP & Chief Accounting Officer",
            "yearBorn": 1967,
            "fiscalYear": 2023,
            "exercisedValue": 0,
            "unexercisedValue": 0
        },
        {
            "maxAge": 1,
            "name": "Mr. Andrew  Ashton",
            "title": "Senior Vice President of Corporate Finance",
            "fiscalYear": 2023,
            "exercisedValue": 0,
            "unexercisedValue": 0
        },
        {
            "maxAge": 1,
            "name": "Anurag  Dhingra",
            "title": "SVP, CTO and Head of Engineering & Collaboration",
            "fiscalYear": 2023,
            "exercisedValue": 0,
            "unexercisedValue": 0
        },
        {
            "maxAge": 1,
            "name": "Mr. Fletcher  Previn",
            "title": "Senior VP & Chief Information Officer",
            "fiscalYear": 2023,
            "exercisedValue": 0,
            "unexercisedValue": 0
        },
        {
            "maxAge": 1,
            "name": "Mr. Ahmed Sami  Badri",
            "title": "Head of Investor Relations",
            "fiscalYear": 2023,
            "exercisedValue": 0,
            "unexercisedValue": 0
        },
        {
            "maxAge": 1,
            "name": "Ms. Maria  Poveromo",
            "title": "Senior VP & Chief Communications Officer",
            "fiscalYear": 2023,
            "exercisedValue": 0,
            "unexercisedValue": 0
        },
        {
            "maxAge": 1,
            "name": "Mr. Derek  Idemoto",
            "title": "Senior Vice President of Corporate Development & Cisco Investments",
            "fiscalYear": 2023,
            "exercisedValue": 0,
            "unexercisedValue": 0
        },
        {
            "maxAge": 1,
            "name": "Ms. Carrie  Palin",
            "age": 51,
            "title": "Senior VP & Chief Marketing Officer",
            "yearBorn": 1972,
            "fiscalYear": 2023,
            "exercisedValue": 0,
            "unexercisedValue": 0
        }
    ],
    "auditRisk": 2,
    "boardRisk": 6,
    "compensationRisk": 5,
    "shareHolderRightsRisk": 1,
    "overallRisk": 1,
    "governanceEpochDate": 1709251200,
    "compensationAsOfEpochDate": 1703980800,
    "maxAge": 86400,
    "priceHint": 2,
    "previousClose": 49.27,
    "open": 49.08,
    "dayLow": 48.97,
    "dayHigh": 49.595,
    "regularMarketPreviousClose": 49.27,
    "regularMarketOpen": 49.08,
    "regularMarketDayLow": 48.97,
    "regularMarketDayHigh": 49.595,
    "dividendRate": 1.6,
    "dividendYield": 0.0325,
    "exDividendDate": 1712102400,
    "payoutRatio": 0.47419998,
    "fiveYearAvgDividendYield": 3.0,
    "beta": 0.853,
    "trailingPE": 15.007599,
    "forwardPE": 14.147565,
    "volume": 6998846,
    "regularMarketVolume": 6998846,
    "averageVolume": 19361983,
    "averageVolume10days": 22320430,
    "averageDailyVolume10Day": 22320430,
    "bid": 49.35,
    "ask": 49.4,
    "bidSize": 500,
    "askSize": 1400,
    "marketCap": 199928758272,
    "fiftyTwoWeekLow": 45.56,
    "fiftyTwoWeekHigh": 58.19,
    "priceToSalesTrailing12Months": 3.4932427,
    "fiftyDayAverage": 49.9018,
    "twoHundredDayAverage": 51.6401,
    "trailingAnnualDividendRate": 1.56,
    "trailingAnnualDividendYield": 0.031662267,
    "currency": "USD",
    "enterpriseValue": 185925451776,
    "profitMargins": 0.23486,
    "floatShares": 4042465429,
    "sharesOutstanding": 4049189888,
    "sharesShort": 42278867,
    "sharesShortPriorMonth": 43564722,
    "sharesShortPreviousMonthDate": 1706659200,
    "dateShortInterest": 1709164800,
    "sharesPercentSharesOut": 0.0104,
    "heldPercentInsiders": 0.00056,
    "heldPercentInstitutions": 0.78057,
    "shortRatio": 2.03,
    "shortPercentOfFloat": 0.0104,
    "impliedSharesOutstanding": 4049189888,
    "bookValue": 11.42,
    "priceToBook": 4.323555,
    "lastFiscalYearEnd": 1690588800,
    "nextFiscalYearEnd": 1722211200,
    "mostRecentQuarter": 1706313600,
    "earningsQuarterlyGrowth": -0.05,
    "netIncomeToCommon": 13441999872,
    "trailingEps": 3.29,
    "forwardEps": 3.49,
    "pegRatio": 3.87,
    "lastSplitFactor": "2:1",
    "lastSplitDate": 953769600,
    "enterpriseToRevenue": 3.249,
    "enterpriseToEbitda": 10.522,
    "52WeekChange": -0.027629733,
    "SandP52WeekChange": 0.28643203,
    "lastDividendValue": 0.39,
    "lastDividendDate": 1704240000,
    "exchange": "NMS",
    "quoteType": "EQUITY",
    "symbol": "CSCO",
    "underlyingSymbol": "CSCO",
    "shortName": "Cisco Systems, Inc.",
    "longName": "Cisco Systems, Inc.",
    "firstTradeDateEpochUtc": 635178600,
    "timeZoneFullName": "America/New_York",
    "timeZoneShortName": "EDT",
    "uuid": "85fd1bb0-e226-3a6a-b3e9-b5dc1a4952f1",
    "messageBoardId": "finmb_19691",
    "gmtOffSetMilliseconds": -14400000,
    "currentPrice": 49.375,
    "targetHighPrice": 69.84,
    "targetLowPrice": 39.51,
    "targetMeanPrice": 48.93,
    "targetMedianPrice": 49.39,
    "recommendationMean": 2.6,
    "recommendationKey": "hold",
    "numberOfAnalystOpinions": 18,
    "totalCash": 26233999360,
    "totalCashPerShare": 6.479,
    "ebitda": 17671000064,
    "totalDebt": 12656000000,
    "quickRatio": 1.121,
    "currentRatio": 1.365,
    "totalRevenue": 57232998400,
    "debtToEquity": 27.364,
    "revenuePerShare": 14.067,
    "returnOnAssets": 0.10196,
    "returnOnEquity": 0.30646,
    "freeCashflow": 13752875008,
    "operatingCashflow": 14364000256,
    "earningsGrowth": -0.031,
    "revenueGrowth": -0.059,
    "grossMargins": 0.64218,
    "ebitdaMargins": 0.30876,
    "operatingMargins": 0.24298,
    "financialCurrency": "USD",
    "trailingPegRatio": 3.5604
}