{
    "address1": "410 Terry Avenue North",
    "city": "Seattle",
    "state": "WA",
    "zip": "98109-5210",
    "country": "United States",
    "phone": "206 266 1000",
    "website": "https://www.aboutamazon.com",
    "industry": "Internet Retail",
    "industryKey": "internet-retail",
    "industryDisp": "Internet Retail",
    "sector": "Consumer Cyclical",
    "sectorKey": "consumer-cyclical",
    "sectorDisp": "Consumer Cyclical",
    "longBusinessSummary": "Amazon.com, Inc. engages in the retail sale of consumer products, advertising, and subscriptions service through online and physical stores in North America and internationally. The company operates through three segments: North America, International, and Amazon Web Services (AWS). It also manufactures and sells electronic devices, including Kindle, Fire tablets, Fire TVs, Echo, Ring, Blink, and eero; and develops and produces media content. In addition, the company offers programs that enable sellers to sell their products in its stores; and programs that allow authors, independent publishers, musicians, filmmakers, Twitch streamers, skill and app developers, and others to publish and sell content. Further, it provides compute, storage, database, analytics, machine learning, and other services, as well as advertising services through programs, such as sponsored ads, display, and video advertising. Additionally, the company offers Amazon Prime, a membership program. The company's products offered through its stores include merchandise and content purchased for resale and products offered by third-party sellers. It serves consumers, sellers, developers, enterprises, content creators, advertisers, and employees. Amazon.com, Inc. was incorporated in 1994 and is headquartered in Seattle, Washington.",
    "fullTimeEmployees": 1525000,
    "companyOfficers": [
        {
            "maxAge": 1,
            "name": "Mr. Jeffrey P. Bezos",
            "age": 59,
            "title": "Founder & Executive Chairman",
            "yearBorn": 1964,
            "fiscalYear": 2022,
            "totalPay": 1681840,
            "exercisedValue": 0,
            "unexercisedValue": 0
        },
        {
            "maxAge": 1,
            "name": "Mr. Andrew R. Jassy",
            "age": 55,
            "title": "President, CEO & Director",
            "yearBorn": 1968,
            "fiscalYear": 2022,
            "totalPay": 1298723,
            "exercisedValue": 0,
            "unexercisedValue": 0
        },
        {
            "maxAge": 1,
            "name": "Mr. Brian T. Olsavsky",
            "age": 59,
            "title": "Senior VP & CFO",
            "yearBorn": 1964,
            "fiscalYear": 2022,
            "totalPay": 319850,
            "exercisedValue": 0,
            "unexercisedValue": 0
        },
        {
            "maxAge": 1,
            "name": "Mr. David A. Zapolsky",
            "age": 59,
            "title": "Senior VP of Global Public Policy & General Counsel",
            "yearBorn": 1964,
            "fiscalYear": 2022,
            "totalPay": 319850,
            "exercisedValue": 0,
            "unexercisedValue": 0
        },
        {
            "maxAge": 1,
            "name": "Mr. Douglas J. Herrington",
            "age": 56,
            "title": "Chief Executive Officer of Worldwide Amazon Stores",
            "yearBorn": 1967,
            "fiscalYear": 2022,
            "totalPay": 335438,
            "exercisedValue": 0,
            "unexercisedValue": 0
        },
        {
            "maxAge": 1,
            "name": "Mr. Adam N. Selipsky",
            "age": 56,
            "title": "Chief Executive Officer of Amazon Web Services, Inc.",
            "yearBorn": 1967,
            "fiscalYear": 2022,
            "totalPay": 360613,
            "exercisedValue": 0,
            "unexercisedValue": 0
        },
        {
            "maxAge": 1,
            "name": "Ms. Shelley L. Reynolds",
            "age": 58,
            "title": "VP, Worldwide Controller & Principal Accounting Officer",
            "yearBorn": 1965,
            "fiscalYear": 2022,
            "totalPay": 163200,
            "exercisedValue": 0,
            "unexercisedValue": 0
        },
        {
            "maxAge": 1,
            "name": "Dr. Werner  Vogels",
            "title": "Chief Technology Officer",
            "fiscalYear": 2022,
            "exercisedValue": 0,
            "unexercisedValue": 0
        },
        {
            "maxAge": 1,
            "name": "Mr. Dave  Fildes",
            "title": "Director of Investor Relations",
            "fiscalYear": 2022,
            "exercisedValue": 0,
            "unexercisedValue": 0
        },
        {
            "maxAge": 1,
            "name": "Ms. Anuradha  Aggarwal",
            "title": "CMO & Director of User Growth",
            "fiscalYear": 2022,
            "exercisedValue": 0,
            "unexercisedValue": 0
        }
    ],
    "auditRisk": 4,
    "boardRisk": 10,
    "compensationRisk": 10,
    "shareHolderRightsRisk": 2,
    "overallRisk": 10,
    "governanceEpochDate": 1709251200,
    "compensationAsOfEpochDate": 1672444800,
    "maxAge": 86400,
    "priceHint": 2,
    "previousClose": 174.48,
    "open": 174.23,
    "dayLow": 173.52,
    "dayHigh": 176.0,
    "regularMarketPreviousClose": 174.48,
    "regularMarketOpen": 174.23,
    "regularMarketDayLow": 173.52,
    "regularMarketDayHigh": 176.0,
    "beta": 1.171,
    "trailingPE": 60.6,
    "forwardPE": 36.76569,
    "volume": 15265722,
    "regularMarketVolume": 15265722,
    "averageVolume": 44855590,
    "averageVolume10days": 38413580,
    "averageDailyVolume10Day": 38413580,
    "bid": 165.32,
    "ask": 175.87,
    "bidSize": 100,
    "askSize": 400,
    "marketCap": 1825481687040,
    "fiftyTwoWeekLow": 96.29,
    "fiftyTwoWeekHigh": 180.14,
    "priceToSalesTrailing12Months": 3.1759384,
    "fiftyDayAverage": 166.2036,
    "twoHundredDayAverage": 143.40034,
    "currency": "USD",
    "enterpriseValue": 1887184224256,
    "profitMargins": 0.05293,
    "floatShares": 9224410082,
    "sharesOutstanding": 10387399680,
    "sharesShort": 66872027,
    "sharesShortPriorMonth": 75175053,
    "sharesShortPreviousMonthDate": 1706659200,
    "dateShortInterest": 1709164800,
    "sharesPercentSharesOut": 0.0064,
    "heldPercentInsiders": 0.091850005,
    "heldPercentInstitutions": 0.62837005,
    "shortRatio": 1.3,
    "shortPercentOfFloat": 0.0085,
    "impliedSharesOutstanding": 10387399680,
    "bookValue": 19.443,
    "priceToBook": 9.038729,
    "lastFiscalYearEnd": 1703980800,
    "nextFiscalYearEnd": 1735603200,
    "mostRecentQuarter": 1703980800,
    "earningsQuarterlyGrowth": 37.216,
    "netIncomeToCommon": 30424999936,
    "trailingEps": 2.9,
    "forwardEps": 4.78,
    "pegRatio": 3.12,
    "lastSplitFactor": "20:1",
    "lastSplitDate": 1654473600,
    "enterpriseToRevenue": 3.283,
    "enterpriseToEbitda": 22.068,
    "52WeekChange": 0.7342212,
    "SandP52WeekChange": 0.28643203,
    "exchange": "NMS",
    "quoteType": "EQUITY",
    "symbol": "AMZN",
    "underlyingSymbol": "AMZN",
    "shortName": "Amazon.com, Inc.",
    "longName": "Amazon.com, Inc.",
    "firstTradeDateEpochUtc": 863703000,
    "timeZoneFullName": "America/New_York",
    "timeZoneShortName": "EDT",
    "uuid": "261fd26b-0151-3813-b0d0-97e4ed4c6505",
    "messageBoardId": "finmb_18749",
    "gmtOffSetMilliseconds": -14400000,
    "currentPrice": 175.74,
    "targetHighPrice": 211.35,
    "targetLowPrice": 147.02,
    "targetMeanPrice": 190.19,
    "targetMedianPrice": 188.37,
    "recommendationMean": 1.7,
    "recommendationKey": "buy",
    "numberOfAnalystOpinions": 50,
    "totalCash": 86780002304,
    "totalCashPerShare": 8.354,
    "ebitda": 85515001856,
    "totalDebt": 161573994496,
    "quickRatio": 0.807,
    "currentRatio": 1.045,
    "totalRevenue": 574784995328,
    "debtToEquity": 80.037,
    "revenuePerShare": 55.783,
    "returnOnAssets": 0.04651,
    "returnOnEquity": 0.1749,
    "freeCashflow": 45475749888,
    "operatingCashflow": 84946001920,
    "earningsGrowth": 50.693,
    "revenueGrowth": 0.139,
    "grossMargins": 0.46982,
    "ebitdaMargins": 0.14878,
    "operatingMargins": 0.07525,
    "financialCurrency": "USD",
    "trailingPegRatio": 2.3591
}